ABW,Pfizer BioNTech - Comirnaty,Comirnaty,Pfizer BioNTech
ABW,Janssen - Ad26.COV 2.5,Ad26.COV 2.5,Janssen Pharmaceuticals
AFG,SII - Covishield,Covishield,Serum Institute of India
AFG,Pfizer BioNTech - Comirnaty,Comirnaty,Pfizer BioNTech
AFG,Janssen - Ad26.COV 2.5,Ad26.COV 2.5,Janssen Pharmaceuticals
AFG,Beijing CNBG - BBIBP-CorV,BBIBP-CorV,Beijing Bio-Institute Biological Products (CNBG)
AGO,SII - Covishield,Covishield,Serum Institute of India
AIA,AstraZeneca - Vaxzevria,Vaxzevria,AstraZeneca
ALB,AstraZeneca - Vaxzevria,Vaxzevria,AstraZeneca
ALB,Gamaleya - Sputnik V,Sputnik V,Gamaleya Research Institute
ALB,Pfizer BioNTech - Comirnaty,Comirnaty,Pfizer BioNTech
ALB,SII - Covishield,Covishield,Serum Institute of India
ALB,Sinovac - CoronaVac,Coronavac,Sinovac
AND,Pfizer BioNTech - Comirnaty,Comirnaty,Pfizer BioNTech
AND,Moderna - mRNA-1273,mRNA-1273,Moderna
AND,AstraZeneca - Vaxzevria,Vaxzevria,AstraZeneca
ARE,AstraZeneca - Vaxzevria,Vaxzevria,AstraZeneca
ARE,Gamaleya - Sputnik V,Sputnik V,Gamaleya Research Institute
ARE,Beijing CNBG - BBIBP-CorV,BBIBP-CorV,Beijing Bio-Institute Biological Products (CNBG)
ARE,Pfizer BioNTech - Comirnaty,Comirnaty,Pfizer BioNTech
ARE,SII - Covishield,Covishield,Serum Institute of India
ARG,SII - Covishield,Covishield,Serum Institute of India
ARG,Moderna - mRNA-1273,mRNA-1273,Moderna
ARG,Beijing CNBG - BBIBP-CorV,BBIBP-CorV,Beijing Bio-Institute Biological Products (CNBG)
ARG,Gamaleya - Sputnik V,Sputnik V,Gamaleya Research Institute
ARG,AstraZeneca - Vaxzevria,Vaxzevria,AstraZeneca
ARM,AstraZeneca - Vaxzevria,Vaxzevria,AstraZeneca
ARM,Gamaleya - Sputnik V,Sputnik V,Gamaleya Research Institute
ARM,Sinovac - CoronaVac,Coronavac,Sinovac
ASM,Janssen - Ad26.COV 2.5,Ad26.COV 2.5,Janssen Pharmaceuticals
ASM,Moderna - mRNA-1273,mRNA-1273,Moderna
ASM,Pfizer BioNTech - Comirnaty,Comirnaty,Pfizer BioNTech
ATG,Gamaleya - Sputnik V,Sputnik V,Gamaleya Research Institute
ATG,Beijing CNBG - BBIBP-CorV,BBIBP-CorV,Beijing Bio-Institute Biological Products (CNBG)
ATG,AstraZeneca - Vaxzevria,Vaxzevria,AstraZeneca
ATG,SII - Covishield,Covishield,Serum Institute of India
AUS,Novavax - Covavax,Covavax,Novavax
AUS,Pfizer BioNTech - Comirnaty,Comirnaty,Pfizer BioNTech
AUS,AstraZeneca - Vaxzevria,Vaxzevria,AstraZeneca
AUT,Pfizer BioNTech - Comirnaty,Comirnaty,Pfizer BioNTech
AUT,AstraZeneca - Vaxzevria,Vaxzevria,AstraZeneca
AUT,Janssen - Ad26.COV 2.5,Ad26.COV 2.5,Janssen Pharmaceuticals
AUT,Moderna - mRNA-1273,mRNA-1273,Moderna
AZE,AstraZeneca - Vaxzevria,Vaxzevria,AstraZeneca
AZE,Pfizer BioNTech - Comirnaty,Comirnaty,Pfizer BioNTech
AZE,Gamaleya - Sputnik V,Sputnik V,Gamaleya Research Institute
AZE,Sinovac - CoronaVac,Coronavac,Sinovac
BEL,AstraZeneca - Vaxzevria,Vaxzevria,AstraZeneca
BEL,Janssen - Ad26.COV 2.5,Ad26.COV 2.5,Janssen Pharmaceuticals
BEL,Moderna - mRNA-1273,mRNA-1273,Moderna
BEL,Pfizer BioNTech - Comirnaty,Comirnaty,Pfizer BioNTech
BEN,Sinovac - CoronaVac,Coronavac,Sinovac
BEN,SII - Covishield,Covishield,Serum Institute of India
BES,Pfizer BioNTech - Comirnaty,Comirnaty,Pfizer BioNTech
BES,Moderna - mRNA-1273,mRNA-1273,Moderna
BFA,SII - Covishield,Covishield,Serum Institute of India
BGD,Sinovac - CoronaVac,Coronavac,Sinovac
BGD,SII - Covishield,Covishield,Serum Institute of India
BGD,Moderna - mRNA-1273,mRNA-1273,Moderna
BGD,Pfizer BioNTech - Comirnaty,Comirnaty,Pfizer BioNTech
BGD,Janssen - Ad26.COV 2.5,Ad26.COV 2.5,Janssen Pharmaceuticals
BGD,Gamaleya - Sputnik V,Sputnik V,Gamaleya Research Institute
BGD,Beijing CNBG - BBIBP-CorV,BBIBP-CorV,Beijing Bio-Institute Biological Products (CNBG)
BGD,AstraZeneca - Vaxzevria,Vaxzevria,AstraZeneca
BGR,Janssen - Ad26.COV 2.5,Ad26.COV 2.5,Janssen Pharmaceuticals
BGR,AstraZeneca - Vaxzevria,Vaxzevria,AstraZeneca
BGR,Moderna - mRNA-1273,mRNA-1273,Moderna
BGR,Pfizer BioNTech - Comirnaty,Comirnaty,Pfizer BioNTech
BHR,Pfizer BioNTech - Comirnaty,Comirnaty,Pfizer BioNTech
BHR,Moderna - mRNA-1273,mRNA-1273,Moderna
BHR,Janssen - Ad26.COV 2.5,Ad26.COV 2.5,Janssen Pharmaceuticals
BHR,AstraZeneca - Vaxzevria,Vaxzevria,AstraZeneca
BHR,Beijing CNBG - BBIBP-CorV,BBIBP-CorV,Beijing Bio-Institute Biological Products (CNBG)
BHR,Gamaleya - Sputnik V,Sputnik V,Gamaleya Research Institute
BHR,SII - Covishield,Covishield,Serum Institute of India
BHS,SII - Covishield,Covishield,Serum Institute of India
BHS,AstraZeneca - Vaxzevria,Vaxzevria,AstraZeneca
BIH,AstraZeneca - AZD1222,AZD1222,AstraZeneca
BIH,Pfizer BioNTech - Comirnaty,Comirnaty,Pfizer BioNTech
BIH,Sinovac - CoronaVac,Coronavac,Sinovac
BIH,Gamaleya - Sputnik V,Sputnik V,Gamaleya Research Institute
BLR,Gamaleya - Sputnik V,Sputnik V,Gamaleya Research Institute
BLR,Beijing CNBG - BBIBP-CorV,BBIBP-CorV,Beijing Bio-Institute Biological Products (CNBG)
BLZ,Beijing CNBG - BBIBP-CorV,BBIBP-CorV,Beijing Bio-Institute Biological Products (CNBG)
BLZ,AstraZeneca - Vaxzevria,Vaxzevria,AstraZeneca
BLZ,SII - Covishield,Covishield,Serum Institute of India
BMU,Pfizer BioNTech - Comirnaty,Comirnaty,Pfizer BioNTech
BMU,AstraZeneca - Vaxzevria,Vaxzevria,AstraZeneca
BOL,Beijing CNBG - BBIBP-CorV,BBIBP-CorV,Beijing Bio-Institute Biological Products (CNBG)
BOL,Pfizer BioNTech - Comirnaty,Comirnaty,Pfizer BioNTech
BOL,Gamaleya - Sputnik V,Sputnik V,Gamaleya Research Institute
BOL,Janssen - Ad26.COV 2.5,Ad26.COV 2.5,Janssen Pharmaceuticals
BOL,SII - Covishield,Covishield,Serum Institute of India
BRA,SII - Covishield,Covishield,Serum Institute of India
BRA,Sinovac - CoronaVac,Coronavac,Sinovac
BRA,Janssen - Ad26.COV 2.5,Ad26.COV 2.5,Janssen Pharmaceuticals
BRA,Pfizer BioNTech - Comirnaty,Comirnaty,Pfizer BioNTech
BRA,AstraZeneca - Vaxzevria,Vaxzevria,AstraZeneca
BRB,AstraZeneca - Vaxzevria,Vaxzevria,AstraZeneca
BRB,Beijing CNBG - BBIBP-CorV,BBIBP-CorV,Beijing Bio-Institute Biological Products (CNBG)
BRB,SII - Covishield,Covishield,Serum Institute of India
BRN,Janssen - Ad26.COV 2.5,Ad26.COV 2.5,Janssen Pharmaceuticals
BRN,Beijing CNBG - BBIBP-CorV,BBIBP-CorV,Beijing Bio-Institute Biological Products (CNBG)
BRN,AstraZeneca - Vaxzevria,Vaxzevria,AstraZeneca
BRN,Moderna - mRNA-1273,mRNA-1273,Moderna
BRN,Pfizer BioNTech - Comirnaty,Comirnaty,Pfizer BioNTech
BTN,Moderna - mRNA-1273,mRNA-1273,Moderna
BTN,Pfizer BioNTech - Comirnaty,Comirnaty,Pfizer BioNTech
BTN,AstraZeneca - Vaxzevria,Vaxzevria,AstraZeneca
BTN,SII - Covishield,Covishield,Serum Institute of India
BWA,SII - Covishield,Covishield,Serum Institute of India
BWA,Sinovac - CoronaVac,Coronavac,Sinovac
BWA,Pfizer BioNTech - Comirnaty,Comirnaty,Pfizer BioNTech
BWA,Moderna - mRNA-1273,mRNA-1273,Moderna
CAF,Bharat - Covaxin,Covaxin,Bharat Biotech
CAF,SII - Covishield,Covishield,Serum Institute of India
CAN,SII - Covishield,Covishield,Serum Institute of India
CAN,Moderna - mRNA-1273,mRNA-1273,Moderna
CAN,Pfizer BioNTech - Comirnaty,Comirnaty,Pfizer BioNTech
CHE,Pfizer BioNTech - Comirnaty,Comirnaty,Pfizer BioNTech
CHE,Moderna - mRNA-1273,mRNA-1273,Moderna
CHL,Pfizer BioNTech - Comirnaty,Comirnaty,Pfizer BioNTech
CHL,CanSino - Ad5-nCOV,Ad5-nCOV,CanSino Biologicals
CHL,AstraZeneca - Vaxzevria,Vaxzevria,AstraZeneca
CHL,Sinovac - CoronaVac,Coronavac,Sinovac
CHN,Sinovac - CoronaVac,Coronavac,Sinovac
CHN,CanSino - Ad5-nCOV,Ad5-nCOV,CanSino Biologicals
CHN,Wuhan CNBG - Inactivated,Inactivated SARS-CoV-2 vaccine,Wuhan Institute of Biological Products (CNBG)
CHN,Beijing CNBG - BBIBP-CorV,BBIBP-CorV,Beijing Bio-Institute Biological Products (CNBG)
CHN,Anhui ZL - Recombinant,Recombinant SARS-CoV-2 vaccine,Anhui Zhifei Longcom Biopharmaceutical
CHN,Pfizer BioNTech - Comirnaty,Comirnaty,Pfizer BioNTech
CIV,Gamaleya - Sputnik V,Sputnik V,Gamaleya Research Institute
CIV,Beijing CNBG - BBIBP-CorV,BBIBP-CorV,Beijing Bio-Institute Biological Products (CNBG)
CIV,SII - Covishield,Covishield,Serum Institute of India
CMR,SII - Covishield,Covishield,Serum Institute of India
CMR,Beijing CNBG - BBIBP-CorV,BBIBP-CorV,Beijing Bio-Institute Biological Products (CNBG)
COD,SII - Covishield,Covishield,Serum Institute of India
COG,SII - Covishield,Covishield,Serum Institute of India
COG,Beijing CNBG - BBIBP-CorV,BBIBP-CorV,Beijing Bio-Institute Biological Products (CNBG)
COG,Gamaleya - Sputnik V,Sputnik V,Gamaleya Research Institute
COG,Moderna - mRNA-1273,mRNA-1273,Moderna
COK,Pfizer BioNTech - Comirnaty,Comirnaty,Pfizer BioNTech
COL,Pfizer BioNTech - Comirnaty,Comirnaty,Pfizer BioNTech
COL,AstraZeneca - Vaxzevria,Vaxzevria,AstraZeneca
COL,Moderna - mRNA-1273,mRNA-1273,Moderna
COL,Janssen - Ad26.COV 2.5,Ad26.COV 2.5,Janssen Pharmaceuticals
COL,Sinovac - CoronaVac,Coronavac,Sinovac
COM,SII - Covishield,Covishield,Serum Institute of India
COM,Bharat - Covaxin,Covaxin,Bharat Biotech
COM,Beijing CNBG - BBIBP-CorV,BBIBP-CorV,Beijing Bio-Institute Biological Products (CNBG)
CPV,Pfizer BioNTech - Comirnaty,Comirnaty,Pfizer BioNTech
CPV,SII - Covishield,Covishield,Serum Institute of India
CRI,Pfizer BioNTech - Comirnaty,Comirnaty,Pfizer BioNTech
CRI,AstraZeneca - Vaxzevria,Vaxzevria,AstraZeneca
CUB,Abdala,,
CUB,Soberana02,,
CUW,AstraZeneca - Vaxzevria,Vaxzevria,AstraZeneca
CUW,Moderna - mRNA-1273,mRNA-1273,Moderna
CUW,Pfizer BioNTech - Comirnaty,Comirnaty,Pfizer BioNTech
CYM,Pfizer BioNTech - Comirnaty,Comirnaty,Pfizer BioNTech
CYP,Pfizer BioNTech - Comirnaty,Comirnaty,Pfizer BioNTech
CYP,Moderna - mRNA-1273,mRNA-1273,Moderna
CYP,AstraZeneca - Vaxzevria,Vaxzevria,AstraZeneca
CYP,Janssen - Ad26.COV 2.5,Ad26.COV 2.5,Janssen Pharmaceuticals
CZE,AstraZeneca - Vaxzevria,Vaxzevria,AstraZeneca
CZE,Moderna - mRNA-1273,mRNA-1273,Moderna
CZE,Janssen - Ad26.COV 2.5,Ad26.COV 2.5,Janssen Pharmaceuticals
CZE,Pfizer BioNTech - Comirnaty,Comirnaty,Pfizer BioNTech
DEU,Pfizer BioNTech - Comirnaty,Comirnaty,Pfizer BioNTech
DEU,Janssen - Ad26.COV 2.5,Ad26.COV 2.5,Janssen Pharmaceuticals
DEU,Moderna - mRNA-1273,mRNA-1273,Moderna
DEU,AstraZeneca - Vaxzevria,Vaxzevria,AstraZeneca
DJI,Janssen - Ad26.COV 2.5,Ad26.COV 2.5,Janssen Pharmaceuticals
DJI,Pfizer BioNTech - Comirnaty,Comirnaty,Pfizer BioNTech
DJI,Beijing CNBG - BBIBP-CorV,BBIBP-CorV,Beijing Bio-Institute Biological Products (CNBG)
DJI,Gamaleya - Sputnik V,Sputnik V,Gamaleya Research Institute
DJI,Sinovac - CoronaVac,Coronavac,Sinovac
DJI,SII - Covishield,Covishield,Serum Institute of India
DMA,SII - Covishield,Covishield,Serum Institute of India
DMA,Beijing CNBG - BBIBP-CorV,BBIBP-CorV,Beijing Bio-Institute Biological Products (CNBG)
DMA,AstraZeneca - Vaxzevria,Vaxzevria,AstraZeneca
DNK,Janssen - Ad26.COV 2.5,Ad26.COV 2.5,Janssen Pharmaceuticals
DNK,AstraZeneca - Vaxzevria,Vaxzevria,AstraZeneca
DNK,Moderna - mRNA-1273,mRNA-1273,Moderna
DNK,Pfizer BioNTech - Comirnaty,Comirnaty,Pfizer BioNTech
DOM,AstraZeneca - Vaxzevria,Vaxzevria,AstraZeneca
DOM,Sinovac - CoronaVac,Coronavac,Sinovac
DOM,SII - Covishield,Covishield,Serum Institute of India
DZA,SII - Covishield,Covishield,Serum Institute of India
DZA,Beijing CNBG - BBIBP-CorV,BBIBP-CorV,Beijing Bio-Institute Biological Products (CNBG)
DZA,Gamaleya - Sputnik V,Sputnik V,Gamaleya Research Institute
ECU,CanSino - Ad5-nCOV,Ad5-nCOV,CanSino Biologicals
ECU,AstraZeneca - Vaxzevria,Vaxzevria,AstraZeneca
ECU,Pfizer BioNTech - Comirnaty,Comirnaty,Pfizer BioNTech
ECU,Sinovac - CoronaVac,Coronavac,Sinovac
EGY,Sinovac - CoronaVac,Coronavac,Sinovac
EGY,Pfizer BioNTech - Comirnaty,Comirnaty,Pfizer BioNTech
EGY,Beijing CNBG - BBIBP-CorV,BBIBP-CorV,Beijing Bio-Institute Biological Products (CNBG)
EGY,Gamaleya - Sputnik V,Sputnik V,Gamaleya Research Institute
EGY,AstraZeneca - Vaxzevria,Vaxzevria,AstraZeneca
EGY,Janssen - Ad26.COV 2.5,Ad26.COV 2.5,Janssen Pharmaceuticals
ESP,AstraZeneca - Vaxzevria,Vaxzevria,AstraZeneca
ESP,Moderna - mRNA-1273,mRNA-1273,Moderna
ESP,Pfizer BioNTech - Comirnaty,Comirnaty,Pfizer BioNTech
ESP,Janssen - Ad26.COV 2.5,Ad26.COV 2.5,Janssen Pharmaceuticals
EST,Pfizer BioNTech - Comirnaty,Comirnaty,Pfizer BioNTech
EST,Moderna - mRNA-1273,mRNA-1273,Moderna
EST,AstraZeneca - Vaxzevria,Vaxzevria,AstraZeneca
EST,Janssen - Ad26.COV 2.5,Ad26.COV 2.5,Janssen Pharmaceuticals
ETH,Bharat - Covaxin,Covaxin,Bharat Biotech
ETH,Beijing CNBG - BBIBP-CorV,BBIBP-CorV,Beijing Bio-Institute Biological Products (CNBG)
ETH,SII - Covishield,Covishield,Serum Institute of India
FIN,Janssen - Ad26.COV 2.5,Ad26.COV 2.5,Janssen Pharmaceuticals
FIN,AstraZeneca - Vaxzevria,Vaxzevria,AstraZeneca
FIN,Moderna - mRNA-1273,mRNA-1273,Moderna
FIN,Pfizer BioNTech - Comirnaty,Comirnaty,Pfizer BioNTech
FJI,Moderna - mRNA-1273,mRNA-1273,Moderna
FJI,AstraZeneca - Vaxzevria,Vaxzevria,AstraZeneca
FJI,SII - Covishield,Covishield,Serum Institute of India
FLK,AstraZeneca - AZD1222,AZD1222,AstraZeneca
FRA,Pfizer BioNTech - Comirnaty,Comirnaty,Pfizer BioNTech
FRA,Moderna - mRNA-1273,mRNA-1273,Moderna
FRA,AstraZeneca - Vaxzevria,Vaxzevria,AstraZeneca
FRA,Janssen - Ad26.COV 2.5,Ad26.COV 2.5,Janssen Pharmaceuticals
FRO,Moderna - mRNA-1273,mRNA-1273,Moderna
FRO,Pfizer BioNTech - Comirnaty,Comirnaty,Pfizer BioNTech
FSM,AstraZeneca - Vaxzevria,Vaxzevria,AstraZeneca
FSM,Janssen - Ad26.COV 2.5,Ad26.COV 2.5,Janssen Pharmaceuticals
FSM,Pfizer BioNTech - Comirnaty,Comirnaty,Pfizer BioNTech
FSM,Moderna - mRNA-1273,mRNA-1273,Moderna
GAB,Beijing CNBG - BBIBP-CorV,BBIBP-CorV,Beijing Bio-Institute Biological Products (CNBG)
GBR,Pfizer BioNTech - Comirnaty,Comirnaty,Pfizer BioNTech
GBR,AstraZeneca - Vaxzevria,Vaxzevria,AstraZeneca
GBR,Moderna - mRNA-1273,mRNA-1273,Moderna
GEO,Pfizer BioNTech - Comirnaty,Comirnaty,Pfizer BioNTech
GEO,Beijing CNBG - BBIBP-CorV,BBIBP-CorV,Beijing Bio-Institute Biological Products (CNBG)
GEO,AstraZeneca - Vaxzevria,Vaxzevria,AstraZeneca
GEO,Sinovac - CoronaVac,Coronavac,Sinovac
GGY,Moderna - mRNA-1273,mRNA-1273,Moderna
GGY,AstraZeneca - AZD1222,AZD1222,AstraZeneca
GGY,Pfizer BioNTech - Comirnaty,Comirnaty,Pfizer BioNTech
GHA,Gamaleya - Sputnik V,Sputnik V,Gamaleya Research Institute
GHA,SII - Covishield,Covishield,Serum Institute of India
GIB,Pfizer BioNTech - Comirnaty,Comirnaty,Pfizer BioNTech
GIN,Gamaleya - Sputnik V,Sputnik V,Gamaleya Research Institute
GIN,Beijing CNBG - BBIBP-CorV,BBIBP-CorV,Beijing Bio-Institute Biological Products (CNBG)
GIN,Pfizer BioNTech - Comirnaty,Comirnaty,Pfizer BioNTech
GIN,SII - Covishield,Covishield,Serum Institute of India
GIN,Janssen - Ad26.COV 2.5,Ad26.COV 2.5,Janssen Pharmaceuticals
GIN,Sinovac - CoronaVac,Coronavac,Sinovac
GLP,Moderna - mRNA-1273,mRNA-1273,Moderna
GLP,Pfizer BioNTech - Comirnaty,Comirnaty,Pfizer BioNTech
GLP,AstraZeneca - Vaxzevria,Vaxzevria,AstraZeneca
GMB,Beijing CNBG - BBIBP-CorV,BBIBP-CorV,Beijing Bio-Institute Biological Products (CNBG)
GMB,SII - Covishield,Covishield,Serum Institute of India
GNB,SII - Covishield,Covishield,Serum Institute of India
GNB,Beijing CNBG - BBIBP-CorV,BBIBP-CorV,Beijing Bio-Institute Biological Products (CNBG)
GNQ,Beijing CNBG - BBIBP-CorV,BBIBP-CorV,Beijing Bio-Institute Biological Products (CNBG)
GNQ,Sinovac - CoronaVac,Coronavac,Sinovac
GRC,Janssen - Ad26.COV 2.5,Ad26.COV 2.5,Janssen Pharmaceuticals
GRC,Pfizer BioNTech - Comirnaty,Comirnaty,Pfizer BioNTech
GRC,Moderna - mRNA-1273,mRNA-1273,Moderna
GRC,AstraZeneca - Vaxzevria,Vaxzevria,AstraZeneca
GRD,AstraZeneca - Vaxzevria,Vaxzevria,AstraZeneca
GRD,SII - Covishield,Covishield,Serum Institute of India
GRL,Moderna - mRNA-1273,mRNA-1273,Moderna
GTM,Gamaleya - Sputnik V,Sputnik V,Gamaleya Research Institute
GTM,AstraZeneca - Vaxzevria,Vaxzevria,AstraZeneca
GTM,Moderna - mRNA-1273,mRNA-1273,Moderna
GTM,SII - Covishield,Covishield,Serum Institute of India
GUM,Janssen - Ad26.COV 2.5,Ad26.COV 2.5,Janssen Pharmaceuticals
GUM,Pfizer BioNTech - Comirnaty,Comirnaty,Pfizer BioNTech
GUM,Moderna - mRNA-1273,mRNA-1273,Moderna
GUY,Moderna - mRNA-1273,mRNA-1273,Moderna
GUY,AstraZeneca - Vaxzevria,Vaxzevria,AstraZeneca
GUY,Beijing CNBG - BBIBP-CorV,BBIBP-CorV,Beijing Bio-Institute Biological Products (CNBG)
GUY,Gamaleya - Sputnik V,Sputnik V,Gamaleya Research Institute
GUY,SII - Covishield,Covishield,Serum Institute of India
HND,SII - Covishield,Covishield,Serum Institute of India
HND,Janssen - Ad26.COV 2.5,Ad26.COV 2.5,Janssen Pharmaceuticals
HND,Gamaleya - Sputnik V,Sputnik V,Gamaleya Research Institute
HND,Pfizer BioNTech - Comirnaty,Comirnaty,Pfizer BioNTech
HND,AstraZeneca - Vaxzevria,Vaxzevria,AstraZeneca
HND,Moderna - mRNA-1273,mRNA-1273,Moderna
HRV,Moderna - mRNA-1273,mRNA-1273,Moderna
HRV,AstraZeneca - Vaxzevria,Vaxzevria,AstraZeneca
HRV,Janssen - Ad26.COV 2.5,Ad26.COV 2.5,Janssen Pharmaceuticals
HRV,Pfizer BioNTech - Comirnaty,Comirnaty,Pfizer BioNTech
HTI,Moderna - mRNA-1273,mRNA-1273,Moderna
HTI,Janssen - Ad26.COV 2.5,Ad26.COV 2.5,Janssen Pharmaceuticals
HUN,Janssen - Ad26.COV 2.5,Ad26.COV 2.5,Janssen Pharmaceuticals
HUN,AstraZeneca - Vaxzevria,Vaxzevria,AstraZeneca
HUN,Moderna - mRNA-1273,mRNA-1273,Moderna
HUN,Pfizer BioNTech - Comirnaty,Comirnaty,Pfizer BioNTech
HUN,Beijing CNBG - BBIBP-CorV,BBIBP-CorV,Beijing Bio-Institute Biological Products (CNBG)
HUN,Gamaleya - Sputnik V,Sputnik V,Gamaleya Research Institute
HUN,Sinovac - CoronaVac,Coronavac,Sinovac
IDN,Sinovac - CoronaVac,Coronavac,Sinovac
IDN,Beijing CNBG - BBIBP-CorV,BBIBP-CorV,Beijing Bio-Institute Biological Products (CNBG)
IDN,Pfizer BioNTech - Comirnaty,Comirnaty,Pfizer BioNTech
IDN,AstraZeneca - Vaxzevria,Vaxzevria,AstraZeneca
IDN,Moderna - mRNA-1273,mRNA-1273,Moderna
IMN,AstraZeneca - AZD1222,AZD1222,AstraZeneca
IMN,Pfizer BioNTech - Comirnaty,Comirnaty,Pfizer BioNTech
IND,Gamaleya - Sputnik V,Sputnik V,Gamaleya Research Institute
IND,Moderna - mRNA-1273,mRNA-1273,Moderna
IND,Janssen - Ad26.COV 2.5,Ad26.COV 2.5,Janssen Pharmaceuticals
IND,Bharat - Covaxin,Covaxin,Bharat Biotech
IND,SII - Covishield,Covishield,Serum Institute of India
IRL,Janssen - Ad26.COV 2.5,Ad26.COV 2.5,Janssen Pharmaceuticals
IRL,Moderna - mRNA-1273,mRNA-1273,Moderna
IRL,AstraZeneca - Vaxzevria,Vaxzevria,AstraZeneca
IRL,Pfizer BioNTech - Comirnaty,Comirnaty,Pfizer BioNTech
IRN,Bharat - Covaxin,Covaxin,Bharat Biotech
IRN,Gamaleya - Sputnik V,Sputnik V,Gamaleya Research Institute
IRN,Beijing CNBG - BBIBP-CorV,BBIBP-CorV,Beijing Bio-Institute Biological Products (CNBG)
IRN,AstraZeneca - Vaxzevria,Vaxzevria,AstraZeneca
IRQ,Beijing CNBG - BBIBP-CorV,BBIBP-CorV,Beijing Bio-Institute Biological Products (CNBG)
IRQ,Gamaleya - Sputnik V,Sputnik V,Gamaleya Research Institute
IRQ,AstraZeneca - Vaxzevria,Vaxzevria,AstraZeneca
IRQ,Pfizer BioNTech - Comirnaty,Comirnaty,Pfizer BioNTech
ISL,Pfizer BioNTech - Comirnaty,Comirnaty,Pfizer BioNTech
ISL,Moderna - mRNA-1273,mRNA-1273,Moderna
ISL,AstraZeneca - Vaxzevria,Vaxzevria,AstraZeneca
ISL,Janssen - Ad26.COV 2.5,Ad26.COV 2.5,Janssen Pharmaceuticals
ISR,Moderna - mRNA-1273,mRNA-1273,Moderna
ISR,Pfizer BioNTech - Comirnaty,Comirnaty,Pfizer BioNTech
ITA,Pfizer BioNTech - Comirnaty,Comirnaty,Pfizer BioNTech
ITA,Janssen - Ad26.COV 2.5,Ad26.COV 2.5,Janssen Pharmaceuticals
ITA,AstraZeneca - Vaxzevria,Vaxzevria,AstraZeneca
ITA,Moderna - mRNA-1273,mRNA-1273,Moderna
JAM,Janssen - Ad26.COV 2.5,Ad26.COV 2.5,Janssen Pharmaceuticals
JAM,AstraZeneca - Vaxzevria,Vaxzevria,AstraZeneca
JAM,SII - Covishield,Covishield,Serum Institute of India
JEY,Moderna - mRNA-1273,mRNA-1273,Moderna
JEY,AstraZeneca - AZD1222,AZD1222,AstraZeneca
JEY,Pfizer BioNTech - Comirnaty,Comirnaty,Pfizer BioNTech
JOR,Gamaleya - Sputnik V,Sputnik V,Gamaleya Research Institute
JOR,Beijing CNBG - BBIBP-CorV,BBIBP-CorV,Beijing Bio-Institute Biological Products (CNBG)
JOR,Janssen - Ad26.COV 2.5,Ad26.COV 2.5,Janssen Pharmaceuticals
JOR,AstraZeneca - Vaxzevria,Vaxzevria,AstraZeneca
JOR,Pfizer BioNTech - Comirnaty,Comirnaty,Pfizer BioNTech
JOR,Moderna - mRNA-1273,mRNA-1273,Moderna
JPN,Pfizer BioNTech - Comirnaty,Comirnaty,Pfizer BioNTech
JPN,AstraZeneca - Vaxzevria,Vaxzevria,AstraZeneca
JPN,Moderna - mRNA-1273,mRNA-1273,Moderna
JPN,Novavax - Covavax,Covavax,Novavax
KAZ,Sinovac - CoronaVac,Coronavac,Sinovac
KAZ,RIBSP - QazCovid,QazCovid-in,Research Institute for Biological Safety Problems
KAZ,Beijing CNBG - BBIBP-CorV,BBIBP-CorV,Beijing Bio-Institute Biological Products (CNBG)
KAZ,Gamaleya - Sputnik V,Sputnik V,Gamaleya Research Institute
KEN,SII - Covishield,Covishield,Serum Institute of India
KGZ,Gamaleya - Sputnik V,Sputnik V,Gamaleya Research Institute
KGZ,Beijing CNBG - BBIBP-CorV,BBIBP-CorV,Beijing Bio-Institute Biological Products (CNBG)
KHM,AstraZeneca - Vaxzevria,Vaxzevria,AstraZeneca
KHM,Beijing CNBG - BBIBP-CorV,BBIBP-CorV,Beijing Bio-Institute Biological Products (CNBG)
KHM,Janssen - Ad26.COV 2.5,Ad26.COV 2.5,Janssen Pharmaceuticals
KHM,SII - Covishield,Covishield,Serum Institute of India
KHM,Sinovac - CoronaVac,Coronavac,Sinovac
KIR,AstraZeneca - Vaxzevria,Vaxzevria,AstraZeneca
KNA,AstraZeneca - Vaxzevria,Vaxzevria,AstraZeneca
KNA,SII - Covishield,Covishield,Serum Institute of India
KOR,Novavax - Covavax,Covavax,Novavax
KOR,Janssen - Ad26.COV 2.5,Ad26.COV 2.5,Janssen Pharmaceuticals
KOR,Pfizer BioNTech - Comirnaty,Comirnaty,Pfizer BioNTech
KOR,AstraZeneca - Vaxzevria,Vaxzevria,AstraZeneca
KOR,Moderna - mRNA-1273,mRNA-1273,Moderna
KWT,Moderna - mRNA-1273,mRNA-1273,Moderna
KWT,Pfizer BioNTech - Comirnaty,Comirnaty,Pfizer BioNTech
KWT,Janssen - Ad26.COV 2.5,Ad26.COV 2.5,Janssen Pharmaceuticals
KWT,Beijing CNBG - BBIBP-CorV,BBIBP-CorV,Beijing Bio-Institute Biological Products (CNBG)
KWT,AstraZeneca - Vaxzevria,Vaxzevria,AstraZeneca
LAO,Pfizer BioNTech - Comirnaty,Comirnaty,Pfizer BioNTech
LAO,Beijing CNBG - BBIBP-CorV,BBIBP-CorV,Beijing Bio-Institute Biological Products (CNBG)
LAO,AstraZeneca - Vaxzevria,Vaxzevria,AstraZeneca
LAO,Gamaleya - Sputnik V,Sputnik V,Gamaleya Research Institute
LAO,Janssen - Ad26.COV 2.5,Ad26.COV 2.5,Janssen Pharmaceuticals
LAO,Sinovac - CoronaVac,Coronavac,Sinovac
LAO,SII - Covishield,Covishield,Serum Institute of India
LBN,Pfizer BioNTech - Comirnaty,Comirnaty,Pfizer BioNTech
LBN,Gamaleya - Sputnik V,Sputnik V,Gamaleya Research Institute
LBN,Beijing CNBG - BBIBP-CorV,BBIBP-CorV,Beijing Bio-Institute Biological Products (CNBG)
LBN,AstraZeneca - Vaxzevria,Vaxzevria,AstraZeneca
LBR,SII - Covishield,Covishield,Serum Institute of India
LBY,Sinovac - CoronaVac,Coronavac,Sinovac
LBY,Beijing CNBG - BBIBP-CorV,BBIBP-CorV,Beijing Bio-Institute Biological Products (CNBG)
LBY,Gamaleya - Sputnik V,Sputnik V,Gamaleya Research Institute
LBY,Pfizer BioNTech - Comirnaty,Comirnaty,Pfizer BioNTech
LBY,Janssen - Ad26.COV 2.5,Ad26.COV 2.5,Janssen Pharmaceuticals
LBY,Moderna - mRNA-1273,mRNA-1273,Moderna
LBY,AstraZeneca - Vaxzevria,Vaxzevria,AstraZeneca
LCA,AstraZeneca - Vaxzevria,Vaxzevria,AstraZeneca
LCA,SII - Covishield,Covishield,Serum Institute of India
LIE,Pfizer BioNTech - Comirnaty,Comirnaty,Pfizer BioNTech
LIE,Moderna - mRNA-1273,mRNA-1273,Moderna
LKA,Moderna - mRNA-1273,mRNA-1273,Moderna
LKA,Pfizer BioNTech - Comirnaty,Comirnaty,Pfizer BioNTech
LKA,AstraZeneca - Vaxzevria,Vaxzevria,AstraZeneca
LKA,Gamaleya - Sputnik V,Sputnik V,Gamaleya Research Institute
LKA,Beijing CNBG - BBIBP-CorV,BBIBP-CorV,Beijing Bio-Institute Biological Products (CNBG)
LKA,SII - Covishield,Covishield,Serum Institute of India
LSO,SII - Covishield,Covishield,Serum Institute of India
LTU,AstraZeneca - Vaxzevria,Vaxzevria,AstraZeneca
LTU,Pfizer BioNTech - Comirnaty,Comirnaty,Pfizer BioNTech
LTU,Moderna - mRNA-1273,mRNA-1273,Moderna
LTU,Janssen - Ad26.COV 2.5,Ad26.COV 2.5,Janssen Pharmaceuticals
LUX,Janssen - Ad26.COV 2.5,Ad26.COV 2.5,Janssen Pharmaceuticals
LUX,Moderna - mRNA-1273,mRNA-1273,Moderna
LUX,AstraZeneca - Vaxzevria,Vaxzevria,AstraZeneca
LUX,Pfizer BioNTech - Comirnaty,Comirnaty,Pfizer BioNTech
LVA,Pfizer BioNTech - Comirnaty,Comirnaty,Pfizer BioNTech
LVA,AstraZeneca - Vaxzevria,Vaxzevria,AstraZeneca
LVA,Moderna - mRNA-1273,mRNA-1273,Moderna
LVA,Janssen - Ad26.COV 2.5,Ad26.COV 2.5,Janssen Pharmaceuticals
MAR,Janssen - Ad26.COV 2.5,Ad26.COV 2.5,Janssen Pharmaceuticals
MAR,AstraZeneca - Vaxzevria,Vaxzevria,AstraZeneca
MAR,Beijing CNBG - BBIBP-CorV,BBIBP-CorV,Beijing Bio-Institute Biological Products (CNBG)
MAR,Gamaleya - Sputnik V,Sputnik V,Gamaleya Research Institute
MCO,Pfizer BioNTech - Comirnaty,Comirnaty,Pfizer BioNTech
MDA,Beijing CNBG - BBIBP-CorV,BBIBP-CorV,Beijing Bio-Institute Biological Products (CNBG)
MDA,Gamaleya - Sputnik V,Sputnik V,Gamaleya Research Institute
MDA,AstraZeneca - Vaxzevria,Vaxzevria,AstraZeneca
MDA,Janssen - Ad26.COV 2.5,Ad26.COV 2.5,Janssen Pharmaceuticals
MDA,Pfizer BioNTech - Comirnaty,Comirnaty,Pfizer BioNTech
MDA,Sinovac - CoronaVac,Coronavac,Sinovac
MDG,SII - Covishield,Covishield,Serum Institute of India
MDV,SII - Covishield,Covishield,Serum Institute of India
MDV,Sinovac - CoronaVac,Coronavac,Sinovac
MDV,Pfizer BioNTech - Comirnaty,Comirnaty,Pfizer BioNTech
MDV,Moderna - mRNA-1273,mRNA-1273,Moderna
MDV,Janssen - Ad26.COV 2.5,Ad26.COV 2.5,Janssen Pharmaceuticals
MDV,Gamaleya - Sputnik V,Sputnik V,Gamaleya Research Institute
MDV,Beijing CNBG - BBIBP-CorV,BBIBP-CorV,Beijing Bio-Institute Biological Products (CNBG)
MDV,AstraZeneca - Vaxzevria,Vaxzevria,AstraZeneca
MEX,CanSino - Ad5-nCOV,Ad5-nCOV,CanSino Biologicals
MEX,Gamaleya - Sputnik V,Sputnik V,Gamaleya Research Institute
MEX,Janssen - Ad26.COV 2.5,Ad26.COV 2.5,Janssen Pharmaceuticals
MEX,Pfizer BioNTech - Comirnaty,Comirnaty,Pfizer BioNTech
MEX,AstraZeneca - Vaxzevria,Vaxzevria,AstraZeneca
MEX,Sinovac - CoronaVac,Coronavac,Sinovac
MHL,Janssen - Ad26.COV 2.5,Ad26.COV 2.5,Janssen Pharmaceuticals
MHL,Moderna - mRNA-1273,mRNA-1273,Moderna
MHL,Pfizer BioNTech - Comirnaty,Comirnaty,Pfizer BioNTech
MKD,Pfizer BioNTech - Comirnaty,Comirnaty,Pfizer BioNTech
MKD,Gamaleya - Sputnik V,Sputnik V,Gamaleya Research Institute
MKD,Beijing CNBG - BBIBP-CorV,BBIBP-CorV,Beijing Bio-Institute Biological Products (CNBG)
MKD,AstraZeneca - Vaxzevria,Vaxzevria,AstraZeneca
MKD,Wuhan CNBG - Inactivated,Inactivated SARS-CoV-2 vaccine,Wuhan Institute of Biological Products (CNBG)
MKD,Sinovac - CoronaVac,Coronavac,Sinovac
MLI,SII - Covishield,Covishield,Serum Institute of India
MLT,AstraZeneca - Vaxzevria,Vaxzevria,AstraZeneca
MLT,Pfizer BioNTech - Comirnaty,Comirnaty,Pfizer BioNTech
MLT,Moderna - mRNA-1273,mRNA-1273,Moderna
MLT,Janssen - Ad26.COV 2.5,Ad26.COV 2.5,Janssen Pharmaceuticals
MMR,Beijing CNBG - BBIBP-CorV,BBIBP-CorV,Beijing Bio-Institute Biological Products (CNBG)
MMR,SII - Covishield,Covishield,Serum Institute of India
MNE,Beijing CNBG - BBIBP-CorV,BBIBP-CorV,Beijing Bio-Institute Biological Products (CNBG)
MNE,Gamaleya - Sputnik V,Sputnik V,Gamaleya Research Institute
MNE,AstraZeneca - Vaxzevria,Vaxzevria,AstraZeneca
MNE,Pfizer BioNTech - Comirnaty,Comirnaty,Pfizer BioNTech
MNG,AstraZeneca - Vaxzevria,Vaxzevria,AstraZeneca
MNG,Beijing CNBG - BBIBP-CorV,BBIBP-CorV,Beijing Bio-Institute Biological Products (CNBG)
MNG,Gamaleya - Sputnik V,Sputnik V,Gamaleya Research Institute
MNG,Moderna - mRNA-1273,mRNA-1273,Moderna
MNG,Pfizer BioNTech - Comirnaty,Comirnaty,Pfizer BioNTech
MNG,SII - Covishield,Covishield,Serum Institute of India
MNP,Janssen - Ad26.COV 2.5,Ad26.COV 2.5,Janssen Pharmaceuticals
MNP,Moderna - mRNA-1273,mRNA-1273,Moderna
MNP,Pfizer BioNTech - Comirnaty,Comirnaty,Pfizer BioNTech
MOZ,Beijing CNBG - BBIBP-CorV,BBIBP-CorV,Beijing Bio-Institute Biological Products (CNBG)
MOZ,SII - Covishield,Covishield,Serum Institute of India
MRT,SII - Covishield,Covishield,Serum Institute of India
MRT,Beijing CNBG - BBIBP-CorV,BBIBP-CorV,Beijing Bio-Institute Biological Products (CNBG)
MSR,AstraZeneca - Vaxzevria,Vaxzevria,AstraZeneca
MTQ,Pfizer BioNTech - Comirnaty,Comirnaty,Pfizer BioNTech
MUS,Beijing CNBG - BBIBP-CorV,BBIBP-CorV,Beijing Bio-Institute Biological Products (CNBG)
MUS,Bharat - Covaxin,Covaxin,Bharat Biotech
MUS,SII - Covishield,Covishield,Serum Institute of India
MWI,SII - Covishield,Covishield,Serum Institute of India
MYS,Sinovac - CoronaVac,Coronavac,Sinovac
MYS,Pfizer BioNTech - Comirnaty,Comirnaty,Pfizer BioNTech
MYS,AstraZeneca - Vaxzevria,Vaxzevria,AstraZeneca
MYS,CanSino - Ad5-nCOV,Ad5-nCOV,CanSino Biologicals
MYS,Gamaleya - Sputnik V,Sputnik V,Gamaleya Research Institute
NAM,Beijing CNBG - BBIBP-CorV,BBIBP-CorV,Beijing Bio-Institute Biological Products (CNBG)
NAM,SII - Covishield,Covishield,Serum Institute of India
NCL,Pfizer BioNTech - Comirnaty,Comirnaty,Pfizer BioNTech
NER,Beijing CNBG - BBIBP-CorV,BBIBP-CorV,Beijing Bio-Institute Biological Products (CNBG)
NER,SII - Covishield,Covishield,Serum Institute of India
NGA,SII - Covishield,Covishield,Serum Institute of India
NIC,SII - Covishield,Covishield,Serum Institute of India
NIC,Gamaleya - Sputnik V,Sputnik V,Gamaleya Research Institute
NIU,Pfizer BioNTech - Comirnaty,Comirnaty,Pfizer BioNTech
NLD,Pfizer BioNTech - Comirnaty,Comirnaty,Pfizer BioNTech
NLD,AstraZeneca - Vaxzevria,Vaxzevria,AstraZeneca
NLD,Janssen - Ad26.COV 2.5,Ad26.COV 2.5,Janssen Pharmaceuticals
NLD,Moderna - mRNA-1273,mRNA-1273,Moderna
NOR,Janssen - Ad26.COV 2.5,Ad26.COV 2.5,Janssen Pharmaceuticals
NOR,Moderna - mRNA-1273,mRNA-1273,Moderna
NOR,Pfizer BioNTech - Comirnaty,Comirnaty,Pfizer BioNTech
NOR,AstraZeneca - Vaxzevria,Vaxzevria,AstraZeneca
NPL,AstraZeneca - Vaxzevria,Vaxzevria,AstraZeneca
NPL,Beijing CNBG - BBIBP-CorV,BBIBP-CorV,Beijing Bio-Institute Biological Products (CNBG)
NPL,Gamaleya - Sputnik V,Sputnik V,Gamaleya Research Institute
NPL,Bharat - Covaxin,Covaxin,Bharat Biotech
NPL,Janssen - Ad26.COV 2.5,Ad26.COV 2.5,Janssen Pharmaceuticals
NPL,SII - Covishield,Covishield,Serum Institute of India
NRU,SII - Covishield,Covishield,Serum Institute of India
NRU,AstraZeneca - Vaxzevria,Vaxzevria,AstraZeneca
NZL,AstraZeneca - Vaxzevria,Vaxzevria,AstraZeneca
NZL,Pfizer BioNTech - Comirnaty,Comirnaty,Pfizer BioNTech
NZL,Janssen - Ad26.COV 2.5,Ad26.COV 2.5,Janssen Pharmaceuticals
NZL,Novavax - Covavax,Covavax,Novavax
OMN,Sinovac - CoronaVac,Coronavac,Sinovac
OMN,SII - Covishield,Covishield,Serum Institute of India
OMN,Pfizer BioNTech - Comirnaty,Comirnaty,Pfizer BioNTech
OMN,AstraZeneca - Vaxzevria,Vaxzevria,AstraZeneca
OMN,Gamaleya - Sputnik V,Sputnik V,Gamaleya Research Institute
PAK,Gamaleya - Sputnik V,Sputnik V,Gamaleya Research Institute
PAK,Beijing CNBG - BBIBP-CorV,BBIBP-CorV,Beijing Bio-Institute Biological Products (CNBG)
PAK,CanSino - Ad5-nCOV,Ad5-nCOV,CanSino Biologicals
PAK,Pfizer BioNTech - Comirnaty,Comirnaty,Pfizer BioNTech
PAK,Moderna - mRNA-1273,mRNA-1273,Moderna
PAK,Bharat - Covaxin,Covaxin,Bharat Biotech
PAK,Sinovac - CoronaVac,Coronavac,Sinovac
PAK,SII - Covishield,Covishield,Serum Institute of India
PAN,Pfizer BioNTech - Comirnaty,Comirnaty,Pfizer BioNTech
PAN,AstraZeneca - Vaxzevria,Vaxzevria,AstraZeneca
PCN,AstraZeneca - Vaxzevria,Vaxzevria,AstraZeneca
PER,AstraZeneca - Vaxzevria,Vaxzevria,AstraZeneca
PER,Beijing CNBG - BBIBP-CorV,BBIBP-CorV,Beijing Bio-Institute Biological Products (CNBG)
PER,Wuhan CNBG - Inactivated,Inactivated SARS-CoV-2 vaccine,Wuhan Institute of Biological Products (CNBG)
PER,Pfizer BioNTech - Comirnaty,Comirnaty,Pfizer BioNTech
PHL,Pfizer BioNTech - Comirnaty,Comirnaty,Pfizer BioNTech
PHL,Moderna - mRNA-1273,mRNA-1273,Moderna
PHL,Bharat - Covaxin,Covaxin,Bharat Biotech
PHL,AstraZeneca - Vaxzevria,Vaxzevria,AstraZeneca
PHL,Beijing CNBG - BBIBP-CorV,BBIBP-CorV,Beijing Bio-Institute Biological Products (CNBG)
PHL,Gamaleya - Sputnik V,Sputnik V,Gamaleya Research Institute
PHL,Novavax - Covavax,Covavax,Novavax
PHL,Janssen - Ad26.COV 2.5,Ad26.COV 2.5,Janssen Pharmaceuticals
PHL,Sinovac - CoronaVac,Coronavac,Sinovac
PLW,Janssen - Ad26.COV 2.5,Ad26.COV 2.5,Janssen Pharmaceuticals
PLW,Pfizer BioNTech - Comirnaty,Comirnaty,Pfizer BioNTech
PLW,Moderna - mRNA-1273,mRNA-1273,Moderna
PNG,AstraZeneca - Vaxzevria,Vaxzevria,AstraZeneca
PNG,Beijing CNBG - BBIBP-CorV,BBIBP-CorV,Beijing Bio-Institute Biological Products (CNBG)
PNG,SII - Covishield,Covishield,Serum Institute of India
POL,Moderna - mRNA-1273,mRNA-1273,Moderna
POL,AstraZeneca - Vaxzevria,Vaxzevria,AstraZeneca
POL,Janssen - Ad26.COV 2.5,Ad26.COV 2.5,Janssen Pharmaceuticals
POL,Pfizer BioNTech - Comirnaty,Comirnaty,Pfizer BioNTech
PRI,Pfizer BioNTech - Comirnaty,Comirnaty,Pfizer BioNTech
PRI,Moderna - mRNA-1273,mRNA-1273,Moderna
PRI,Janssen - Ad26.COV 2.5,Ad26.COV 2.5,Janssen Pharmaceuticals
PRT,AstraZeneca - Vaxzevria,Vaxzevria,AstraZeneca
PRT,Pfizer BioNTech - Comirnaty,Comirnaty,Pfizer BioNTech
PRT,Janssen - Ad26.COV 2.5,Ad26.COV 2.5,Janssen Pharmaceuticals
PRT,Moderna - mRNA-1273,mRNA-1273,Moderna
PRY,Bharat - Covaxin,Covaxin,Bharat Biotech
PRY,Moderna - mRNA-1273,mRNA-1273,Moderna
PRY,Beijing CNBG - BBIBP-CorV,BBIBP-CorV,Beijing Bio-Institute Biological Products (CNBG)
PRY,Gamaleya - Sputnik V,Sputnik V,Gamaleya Research Institute
PRY,Pfizer BioNTech - Comirnaty,Comirnaty,Pfizer BioNTech
PRY,AstraZeneca - Vaxzevria,Vaxzevria,AstraZeneca
PRY,Sinovac - CoronaVac,Coronavac,Sinovac
PSE,Sinovac - CoronaVac,Coronavac,Sinovac
PSE,Beijing CNBG - BBIBP-CorV,BBIBP-CorV,Beijing Bio-Institute Biological Products (CNBG)
PSE,Gamaleya - Sputnik V,Sputnik V,Gamaleya Research Institute
PSE,Moderna - mRNA-1273,mRNA-1273,Moderna
PSE,Pfizer BioNTech - Comirnaty,Comirnaty,Pfizer BioNTech
PSE,Janssen - Ad26.COV 2.5,Ad26.COV 2.5,Janssen Pharmaceuticals
PSE,AstraZeneca - Vaxzevria,Vaxzevria,AstraZeneca
PYF,Janssen - Ad26.COV 2.5,Ad26.COV 2.5,Janssen Pharmaceuticals
PYF,Pfizer BioNTech - Comirnaty,Comirnaty,Pfizer BioNTech
QAT,Pfizer BioNTech - Comirnaty,Comirnaty,Pfizer BioNTech
QAT,Janssen - Ad26.COV 2.5,Ad26.COV 2.5,Janssen Pharmaceuticals
QAT,Moderna - mRNA-1273,mRNA-1273,Moderna
QAT,AstraZeneca - Vaxzevria,Vaxzevria,AstraZeneca
ROU,AstraZeneca - Vaxzevria,Vaxzevria,AstraZeneca
ROU,Moderna - mRNA-1273,mRNA-1273,Moderna
ROU,Janssen - Ad26.COV 2.5,Ad26.COV 2.5,Janssen Pharmaceuticals
ROU,Pfizer BioNTech - Comirnaty,Comirnaty,Pfizer BioNTech
RUS,SRCVB - EpiVacCorona,EpiVacCorona,State Research Center of Virology & Biotechnology
RUS,Gamaleya - Sputnik V,Sputnik V,Gamaleya Research Institute
RWA,Pfizer BioNTech - Comirnaty,Comirnaty,Pfizer BioNTech
RWA,Moderna - mRNA-1273,mRNA-1273,Moderna
RWA,SII - Covishield,Covishield,Serum Institute of India
SAU,Janssen - Ad26.COV 2.5,Ad26.COV 2.5,Janssen Pharmaceuticals
SAU,Pfizer BioNTech - Comirnaty,Comirnaty,Pfizer BioNTech
SAU,Moderna - mRNA-1273,mRNA-1273,Moderna
SAU,AstraZeneca - Vaxzevria,Vaxzevria,AstraZeneca
SDN,Beijing CNBG - BBIBP-CorV,BBIBP-CorV,Beijing Bio-Institute Biological Products (CNBG)
SDN,Pfizer BioNTech - Comirnaty,Comirnaty,Pfizer BioNTech
SDN,Janssen - Ad26.COV 2.5,Ad26.COV 2.5,Janssen Pharmaceuticals
SDN,Sinovac - CoronaVac,Coronavac,Sinovac
SDN,SII - Covishield,Covishield,Serum Institute of India
SEN,SII - Covishield,Covishield,Serum Institute of India
SEN,Beijing CNBG - BBIBP-CorV,BBIBP-CorV,Beijing Bio-Institute Biological Products (CNBG)
SGP,AstraZeneca - Vaxzevria,Vaxzevria,AstraZeneca
SGP,Moderna - mRNA-1273,mRNA-1273,Moderna
SGP,Pfizer BioNTech - Comirnaty,Comirnaty,Pfizer BioNTech
SHN,AstraZeneca - AZD1222,AZD1222,AstraZeneca
SLB,Beijing CNBG - BBIBP-CorV,BBIBP-CorV,Beijing Bio-Institute Biological Products (CNBG)
SLB,AstraZeneca - Vaxzevria,Vaxzevria,AstraZeneca
SLB,SII - Covishield,Covishield,Serum Institute of India
SLE,SII - Covishield,Covishield,Serum Institute of India
SLE,Beijing CNBG - BBIBP-CorV,BBIBP-CorV,Beijing Bio-Institute Biological Products (CNBG)
SLV,Pfizer BioNTech - Comirnaty,Comirnaty,Pfizer BioNTech
SLV,Moderna - mRNA-1273,mRNA-1273,Moderna
SLV,AstraZeneca - Vaxzevria,Vaxzevria,AstraZeneca
SLV,SII - Covishield,Covishield,Serum Institute of India
SLV,Sinovac - CoronaVac,Coronavac,Sinovac
SMR,Pfizer BioNTech - Comirnaty,Comirnaty,Pfizer BioNTech
SMR,Gamaleya - Sputnik V,Sputnik V,Gamaleya Research Institute
SOM,Beijing CNBG - BBIBP-CorV,BBIBP-CorV,Beijing Bio-Institute Biological Products (CNBG)
SOM,Janssen - Ad26.COV 2.5,Ad26.COV 2.5,Janssen Pharmaceuticals
SOM,Sinovac - CoronaVac,Coronavac,Sinovac
SOM,SII - Covishield,Covishield,Serum Institute of India
SRB,Beijing CNBG - BBIBP-CorV,BBIBP-CorV,Beijing Bio-Institute Biological Products (CNBG)
SRB,Gamaleya - Sputnik V,Sputnik V,Gamaleya Research Institute
SRB,AstraZeneca - Vaxzevria,Vaxzevria,AstraZeneca
SRB,Pfizer BioNTech - Comirnaty,Comirnaty,Pfizer BioNTech
SSD,SII - Covishield,Covishield,Serum Institute of India
STP,SII - Covishield,Covishield,Serum Institute of India
STP,AstraZeneca - Vaxzevria,Vaxzevria,AstraZeneca
SUR,AstraZeneca - Vaxzevria,Vaxzevria,AstraZeneca
SUR,Beijing CNBG - BBIBP-CorV,BBIBP-CorV,Beijing Bio-Institute Biological Products (CNBG)
SUR,SII - Covishield,Covishield,Serum Institute of India
SVK,Gamaleya - Sputnik V,Sputnik V,Gamaleya Research Institute
SVK,Pfizer BioNTech - Comirnaty,Comirnaty,Pfizer BioNTech
SVK,Janssen - Ad26.COV 2.5,Ad26.COV 2.5,Janssen Pharmaceuticals
SVK,AstraZeneca - Vaxzevria,Vaxzevria,AstraZeneca
SVK,Moderna - mRNA-1273,mRNA-1273,Moderna
SVN,Moderna - mRNA-1273,mRNA-1273,Moderna
SVN,AstraZeneca - Vaxzevria,Vaxzevria,AstraZeneca
SVN,Janssen - Ad26.COV 2.5,Ad26.COV 2.5,Janssen Pharmaceuticals
SVN,Pfizer BioNTech - Comirnaty,Comirnaty,Pfizer BioNTech
SWE,Moderna - mRNA-1273,mRNA-1273,Moderna
SWE,Pfizer BioNTech - Comirnaty,Comirnaty,Pfizer BioNTech
SWE,AstraZeneca - Vaxzevria,Vaxzevria,AstraZeneca
SWZ,SII - Covishield,Covishield,Serum Institute of India
SXM,Pfizer BioNTech - Comirnaty,Comirnaty,Pfizer BioNTech
SXM,Moderna - mRNA-1273,mRNA-1273,Moderna
SXM,AstraZeneca - Vaxzevria,Vaxzevria,AstraZeneca
SYC,Beijing CNBG - BBIBP-CorV,BBIBP-CorV,Beijing Bio-Institute Biological Products (CNBG)
SYC,SII - Covishield,Covishield,Serum Institute of India
SYR,SII - Covishield,Covishield,Serum Institute of India
SYR,Sinovac - CoronaVac,Coronavac,Sinovac
SYR,Gamaleya - Sputnik V,Sputnik V,Gamaleya Research Institute
SYR,Beijing CNBG - BBIBP-CorV,BBIBP-CorV,Beijing Bio-Institute Biological Products (CNBG)
SYR,Janssen - Ad26.COV 2.5,Ad26.COV 2.5,Janssen Pharmaceuticals
TCA,Pfizer BioNTech - Comirnaty,Comirnaty,Pfizer BioNTech
TCD,Beijing CNBG - BBIBP-CorV,BBIBP-CorV,Beijing Bio-Institute Biological Products (CNBG)
TGO,SII - Covishield,Covishield,Serum Institute of India
THA,Sinovac - CoronaVac,Coronavac,Sinovac
THA,SII - Covishield,Covishield,Serum Institute of India
THA,Beijing CNBG - BBIBP-CorV,BBIBP-CorV,Beijing Bio-Institute Biological Products (CNBG)
THA,Pfizer BioNTech - Comirnaty,Comirnaty,Pfizer BioNTech
THA,AstraZeneca - Vaxzevria,Vaxzevria,AstraZeneca
THA,Janssen - Ad26.COV 2.5,Ad26.COV 2.5,Janssen Pharmaceuticals
THA,Moderna - mRNA-1273,mRNA-1273,Moderna
TJK,Moderna - mRNA-1273,mRNA-1273,Moderna
TJK,AstraZeneca - Vaxzevria,Vaxzevria,AstraZeneca
TJK,SII - Covishield,Covishield,Serum Institute of India
TJK,Sinovac - CoronaVac,Coronavac,Sinovac
TKL,Pfizer BioNTech - Comirnaty,Comirnaty,Pfizer BioNTech
TKM,AstraZeneca - Vaxzevria,Vaxzevria,AstraZeneca
TKM,Beijing CNBG - BBIBP-CorV,BBIBP-CorV,Beijing Bio-Institute Biological Products (CNBG)
TKM,Gamaleya - Sputnik V,Sputnik V,Gamaleya Research Institute
TKM,SRCVB - EpiVacCorona,EpiVacCorona,State Research Center of Virology & Biotechnology
TLS,AstraZeneca - Vaxzevria,Vaxzevria,AstraZeneca
TLS,Sinovac - CoronaVac,Coronavac,Sinovac
TLS,SII - Covishield,Covishield,Serum Institute of India
TON,AstraZeneca - Vaxzevria,Vaxzevria,AstraZeneca
TTO,AstraZeneca - Vaxzevria,Vaxzevria,AstraZeneca
TTO,Pfizer BioNTech - Comirnaty,Comirnaty,Pfizer BioNTech
TTO,Beijing CNBG - BBIBP-CorV,BBIBP-CorV,Beijing Bio-Institute Biological Products (CNBG)
TTO,SII - Covishield,Covishield,Serum Institute of India
TUN,Sinovac - CoronaVac,Coronavac,Sinovac
TUN,Gamaleya - Sputnik V,Sputnik V,Gamaleya Research Institute
TUN,AstraZeneca - Vaxzevria,Vaxzevria,AstraZeneca
TUN,Janssen - Ad26.COV 2.5,Ad26.COV 2.5,Janssen Pharmaceuticals
TUN,Pfizer BioNTech - Comirnaty,Comirnaty,Pfizer BioNTech
TUR,Pfizer BioNTech - Comirnaty,Comirnaty,Pfizer BioNTech
TUR,Sinovac - CoronaVac,Coronavac,Sinovac
TUV,AstraZeneca - Vaxzevria,Vaxzevria,AstraZeneca
TZA,Janssen - Ad26.COV 2.5,Ad26.COV 2.5,Janssen Pharmaceuticals
UGA,SII - Covishield,Covishield,Serum Institute of India
UKR,Sinovac - CoronaVac,Coronavac,Sinovac
UKR,SII - Covishield,Covishield,Serum Institute of India
UKR,Moderna - mRNA-1273,mRNA-1273,Moderna
UKR,AstraZeneca - Vaxzevria,Vaxzevria,AstraZeneca
UKR,Pfizer BioNTech - Comirnaty,Comirnaty,Pfizer BioNTech
UKR,Janssen - Ad26.COV 2.5,Ad26.COV 2.5,Janssen Pharmaceuticals
URY,Pfizer BioNTech - Comirnaty,Comirnaty,Pfizer BioNTech
URY,AstraZeneca - Vaxzevria,Vaxzevria,AstraZeneca
URY,Sinovac - CoronaVac,Coronavac,Sinovac
USA,Pfizer BioNTech - Comirnaty,Comirnaty,Pfizer BioNTech
USA,Moderna - mRNA-1273,mRNA-1273,Moderna
USA,Janssen - Ad26.COV 2.5,Ad26.COV 2.5,Janssen Pharmaceuticals
UZB,Moderna - mRNA-1273,mRNA-1273,Moderna
UZB,Anhui ZL - Recombinant,Recombinant SARS-CoV-2 vaccine,Anhui Zhifei Longcom Biopharmaceutical
UZB,Gamaleya - Sputnik V,Sputnik V,Gamaleya Research Institute
UZB,SII - Covishield,Covishield,Serum Institute of India
VCT,SII - Covishield,Covishield,Serum Institute of India
VCT,Gamaleya - Sputnik V,Sputnik V,Gamaleya Research Institute
VCT,AstraZeneca - Vaxzevria,Vaxzevria,AstraZeneca
VCT,Pfizer BioNTech - Comirnaty,Comirnaty,Pfizer BioNTech
VEN,Wuhan CNBG - Inactivated,Inactivated SARS-CoV-2 vaccine,Wuhan Institute of Biological Products (CNBG)
VEN,Beijing CNBG - BBIBP-CorV,BBIBP-CorV,Beijing Bio-Institute Biological Products (CNBG)
VEN,Gamaleya - Sputnik V,Sputnik V,Gamaleya Research Institute
VGB,AstraZeneca - Vaxzevria,Vaxzevria,AstraZeneca
VGB,Janssen - Ad26.COV 2.5,Ad26.COV 2.5,Janssen Pharmaceuticals
VNM,Moderna - mRNA-1273,mRNA-1273,Moderna
VNM,AstraZeneca - Vaxzevria,Vaxzevria,AstraZeneca
VNM,Pfizer BioNTech - Comirnaty,Comirnaty,Pfizer BioNTech
VNM,Gamaleya - Sputnik V,Sputnik V,Gamaleya Research Institute
VNM,Beijing CNBG - BBIBP-CorV,BBIBP-CorV,Beijing Bio-Institute Biological Products (CNBG)
VUT,Beijing CNBG - BBIBP-CorV,BBIBP-CorV,Beijing Bio-Institute Biological Products (CNBG)
VUT,AstraZeneca - Vaxzevria,Vaxzevria,AstraZeneca
WLF,Moderna - mRNA-1273,mRNA-1273,Moderna
WSM,AstraZeneca - Vaxzevria,Vaxzevria,AstraZeneca
XKX,AstraZeneca - AZD1222,AZD1222,AstraZeneca
YEM,SII - Covishield,Covishield,Serum Institute of India
ZAF,Janssen - Ad26.COV 2.5,Ad26.COV 2.5,Janssen Pharmaceuticals
ZMB,SII - Covishield,Covishield,Serum Institute of India
ZWE,Sinovac - CoronaVac,Coronavac,Sinovac
ZWE,Bharat - Covaxin,Covaxin,Bharat Biotech
ZWE,Beijing CNBG - BBIBP-CorV,BBIBP-CorV,Beijing Bio-Institute Biological Products (CNBG